-- Insertamos los datos de prueba en Usuarios y en su tipo de Usuario
-- Profesor
INSERT INTO Usuario (Nombre, ApPaterno, ApMaterno, FechaNacimiento, Sexo, Telefono, Email, Contrasena)
VALUES ('Prueba', 'Prueba', '', '1990-01-01', 'Indefinido', '0123456789', 'pprueba1@profesor.expoconfig.mx', '$2b$10$ow9uOKyb0JZWAMdqQ39mPO0oLVK3kh7MFtDEPiD8KHDdhFkO1eXsm');
INSERT INTO Profesor (NoTrabajador) VALUES (1);

-- Organizador
INSERT INTO Usuario (Nombre, ApPaterno, ApMaterno, FechaNacimiento, Sexo, Telefono, Email, Contrasena)
VALUES ('Prueba', 'Prueba', '', '1990-01-01', 'Indefinido', '0123456789', 'pprueba2@organizador.expoconfig.mx', '$2b$10$SDw19AgYVwBlhvLTuzDMiO.mIwxc1g60RO1bcOZbrVL4UBEBn7Vlq');
INSERT INTO Organizador (NoTrabajador) VALUES (2);

-- Impresiones
INSERT INTO Usuario (Nombre, ApPaterno, ApMaterno, FechaNacimiento, Sexo, Telefono, Email, Contrasena)
VALUES ('Prueba', 'Prueba', '', '1990-01-01', 'Indefinido', '0123456789', 'pprueba3@impresiones.expoconfig.mx', '$2b$10$GNMp3yGIVaLBzn9yC9ZQqudAnpJjTopqi6JJkumXTfpLhSQs6.JdS');
INSERT INTO Impresiones (NoTrabajador) VALUES (3);

-- Administrador
INSERT INTO Usuario (Nombre, ApPaterno, ApMaterno, FechaNacimiento, Sexo, Telefono, Email, Contrasena)
VALUES ('Prueba', 'Prueba', '', '1990-01-01', 'Indefinido', '0123456789', 'pprueba4@administrador.expoconfig.mx', '$2b$10$Y1SgrwuWBcrury20hM0tOeBc4xz6xJAds3uxS.PzT513fTV3a4OsO');
INSERT INTO Administrador (NoTrabajador) VALUES (4);

-- Mas profesores
INSERT INTO Usuario (Nombre, ApPaterno, ApMaterno, FechaNacimiento, Sexo, Telefono, Email, Contrasena)
VALUES
('Rafael', 'Aguilar', 'García', '1980-01-01', 'Masculino', '5510000001', 'raguilar@profesor.expoconfig.mx', '$2b$10$cAuzHga60qjWYH6fNRUQZe14t9z61hi7pw9P3Sw8PQvkkL4ayJgn2'),
('Fernando', 'Aguilar', 'Sánchez', '1980-01-01', 'Masculino', '5510000002', 'faguilar@profesor.expoconfig.mx', '$2b$10$cAuzHga60qjWYH6fNRUQZe14t9z61hi7pw9P3Sw8PQvkkL4ayJgn2'),
('Daniel', 'Aguilar', 'Velázquez', '1980-01-01', 'Masculino', '5510000003', 'daguilar@profesor.expoconfig.mx', '$2b$10$cAuzHga60qjWYH6fNRUQZe14t9z61hi7pw9P3Sw8PQvkkL4ayJgn2'),
('Verónica', 'Agustín', 'Domínguez', '1980-01-01', 'Femenino', '5510000004', 'vagustin@profesor.expoconfig.mx', '$2b$10$cAuzHga60qjWYH6fNRUQZe14t9z61hi7pw9P3Sw8PQvkkL4ayJgn2'),
('Cecilia', 'Albortante', 'Morato', '1980-01-01', 'Femenino', '5510000005', 'calbortante@profesor.expoconfig.mx', '$2b$10$cAuzHga60qjWYH6fNRUQZe14t9z61hi7pw9P3Sw8PQvkkL4ayJgn2'),
('Alberto Jesús', 'Alcántara', 'Méndez', '1980-01-01', 'Masculino', '5510000006', 'aalcantara@profesor.expoconfig.mx', '$2b$10$cAuzHga60qjWYH6fNRUQZe14t9z61hi7pw9P3Sw8PQvkkL4ayJgn2'),
('Juan Jesús', 'Alcaraz', 'Torres', '1980-01-01', 'Masculino', '5510000007', 'jalcaraz@profesor.expoconfig.mx', '$2b$10$cAuzHga60qjWYH6fNRUQZe14t9z61hi7pw9P3Sw8PQvkkL4ayJgn2'),
('Rocío', 'Almazán', 'Farfán', '1980-01-01', 'Femenino', '5510000008', 'ralmazan@profesor.expoconfig.mx', '$2b$10$cAuzHga60qjWYH6fNRUQZe14t9z61hi7pw9P3Sw8PQvkkL4ayJgn2'),
('Maribel', 'Aragón', 'García', '1980-01-01', 'Femenino', '5510000009', 'maragon@profesor.expoconfig.mx', '$2b$10$cAuzHga60qjWYH6fNRUQZe14t9z61hi7pw9P3Sw8PQvkkL4ayJgn2'),
('David', 'Araujo', 'Díaz', '1980-01-01', 'Masculino', '5510000010', 'daraujo@profesor.expoconfig.mx', '$2b$10$cAuzHga60qjWYH6fNRUQZe14t9z61hi7pw9P3Sw8PQvkkL4ayJgn2'),
('Jacqueline', 'Arzate', 'Gordillo', '1980-01-01', 'Femenino', '5510000011', 'jarzate@profesor.expoconfig.mx', '$2b$10$cAuzHga60qjWYH6fNRUQZe14t9z61hi7pw9P3Sw8PQvkkL4ayJgn2'),
('Cristhian Alejandro', 'Ávila', 'Sánchez', '1980-01-01', 'Masculino', '5510000012', 'cavila@profesor.expoconfig.mx', '$2b$10$cAuzHga60qjWYH6fNRUQZe14t9z61hi7pw9P3Sw8PQvkkL4ayJgn2'),
('Josue Emanuel', 'Barrón', 'Vera', '1980-01-01', 'Masculino', '5510000013', 'jbarron@profesor.expoconfig.mx', '$2b$10$cAuzHga60qjWYH6fNRUQZe14t9z61hi7pw9P3Sw8PQvkkL4ayJgn2'),
('Sandra Ivette', 'Bautista', 'Rosales', '1980-01-01', 'Femenino', '5510000014', 'sbautista@profesor.expoconfig.mx', '$2b$10$cAuzHga60qjWYH6fNRUQZe14t9z61hi7pw9P3Sw8PQvkkL4ayJgn2'),
('Ivan Eduardo', 'Blanco', 'Almazan', '1980-01-01', 'Masculino', '5510000015', 'iblanco@profesor.expoconfig.mx', '$2b$10$cAuzHga60qjWYH6fNRUQZe14t9z61hi7pw9P3Sw8PQvkkL4ayJgn2'),
('Alejandro', 'Botello', 'Castillo', '1980-01-01', 'Masculino', '5510000016', 'abotello@profesor.expoconfig.mx', '$2b$10$cAuzHga60qjWYH6fNRUQZe14t9z61hi7pw9P3Sw8PQvkkL4ayJgn2'),
('Israel', 'Buitrón', 'Damaso', '1980-01-01', 'Masculino', '5510000017', 'ibuitron@profesor.expoconfig.mx', '$2b$10$cAuzHga60qjWYH6fNRUQZe14t9z61hi7pw9P3Sw8PQvkkL4ayJgn2'),
('Gloría Lourdes', 'Cabrera', 'Chávez', '1980-01-01', 'Femenino', '5510000018', 'gcabrera@profesor.expoconfig.mx', '$2b$10$cAuzHga60qjWYH6fNRUQZe14t9z61hi7pw9P3Sw8PQvkkL4ayJgn2'),
('Sergio', 'Cancino', 'Calderón', '1980-01-01', 'Masculino', '5510000019', 'scancino@profesor.expoconfig.mx', '$2b$10$cAuzHga60qjWYH6fNRUQZe14t9z61hi7pw9P3Sw8PQvkkL4ayJgn2'),
('Odette Berenice', 'Cancino', 'Mosqueda', '1980-01-01', 'Femenino', '5510000020', 'ocancino@profesor.expoconfig.mx', '$2b$10$cAuzHga60qjWYH6fNRUQZe14t9z61hi7pw9P3Sw8PQvkkL4ayJgn2'),
('Leticia', 'Cañedo', 'Suárez', '1980-01-01', 'Femenino', '5510000021', 'lcanedo@profesor.expoconfig.mx', '$2b$10$cAuzHga60qjWYH6fNRUQZe14t9z61hi7pw9P3Sw8PQvkkL4ayJgn2'),
('José Juan', 'Carbajal', 'Hernández', '1980-01-01', 'Masculino', '5510000022', 'jcarbajal@profesor.expoconfig.mx', '$2b$10$cAuzHga60qjWYH6fNRUQZe14t9z61hi7pw9P3Sw8PQvkkL4ayJgn2'),
('Juan Manuel', 'Carballo', 'Jiménez', '1980-01-01', 'Masculino', '5510000023', 'jcarballo@profesor.expoconfig.mx', '$2b$10$cAuzHga60qjWYH6fNRUQZe14t9z61hi7pw9P3Sw8PQvkkL4ayJgn2'),
('Oscar', 'Carranza', 'Castillo', '1980-01-01', 'Masculino', '5510000024', 'ocarranza@profesor.expoconfig.mx', '$2b$10$cAuzHga60qjWYH6fNRUQZe14t9z61hi7pw9P3Sw8PQvkkL4ayJgn2'),
('Chadwick', 'Carreto', 'Arellano', '1980-01-01', 'Masculino', '5510000025', 'ccarreto@profesor.expoconfig.mx', '$2b$10$cAuzHga60qjWYH6fNRUQZe14t9z61hi7pw9P3Sw8PQvkkL4ayJgn2'),
('Gelacio', 'Castillo', 'Cabrera', '1980-01-01', 'Masculino', '5510000026', 'gcastillo@profesor.expoconfig.mx', '$2b$10$cAuzHga60qjWYH6fNRUQZe14t9z61hi7pw9P3Sw8PQvkkL4ayJgn2'),
('Juan Antonio', 'Castillo', 'Marrufo', '1980-01-01', 'Masculino', '5510000027', 'jcastillo@profesor.expoconfig.mx', '$2b$10$cAuzHga60qjWYH6fNRUQZe14t9z61hi7pw9P3Sw8PQvkkL4ayJgn2'),
('Edgar Armando', 'Catalán', 'Salgado', '1980-01-01', 'Masculino', '5510000028', 'ecatalan@profesor.expoconfig.mx', '$2b$10$cAuzHga60qjWYH6fNRUQZe14t9z61hi7pw9P3Sw8PQvkkL4ayJgn2'),
('Ricardo', 'Ceballos', 'Sebastián', '1980-01-01', 'Masculino', '5510000029', 'rceballos@profesor.expoconfig.mx', '$2b$10$cAuzHga60qjWYH6fNRUQZe14t9z61hi7pw9P3Sw8PQvkkL4ayJgn2'),
('Adriana Berenice', 'Celis', 'Domínguez', '1980-01-01', 'Femenino', '5510000030', 'acelis@profesor.expoconfig.mx', '$2b$10$cAuzHga60qjWYH6fNRUQZe14t9z61hi7pw9P3Sw8PQvkkL4ayJgn2'),
('Maria Soledad', 'Centeno', 'Arrazola', '1980-01-01', 'Femenino', '5510000031', 'mcenteno@profesor.expoconfig.mx', '$2b$10$cAuzHga60qjWYH6fNRUQZe14t9z61hi7pw9P3Sw8PQvkkL4ayJgn2'),
('Ismael', 'Cervantes', 'De Anda', '1980-01-01', 'Masculino', '5510000032', 'icervantes@profesor.expoconfig.mx', '$2b$10$cAuzHga60qjWYH6fNRUQZe14t9z61hi7pw9P3Sw8PQvkkL4ayJgn2'),
('Luis Moctezuma', 'Cervantes', 'Espinosa', '1980-01-01', 'Masculino', '5510000033', 'lcervantes@profesor.expoconfig.mx', '$2b$10$cAuzHga60qjWYH6fNRUQZe14t9z61hi7pw9P3Sw8PQvkkL4ayJgn2'),
('Lorena', 'Chavarría', 'Báez', '1980-01-01', 'Femenino', '5510000034', 'lchavarria@profesor.expoconfig.mx', '$2b$10$cAuzHga60qjWYH6fNRUQZe14t9z61hi7pw9P3Sw8PQvkkL4ayJgn2'),
('Eduardo', 'Chávez', 'Lima', '1980-01-01', 'Masculino', '5510000035', 'echavez@profesor.expoconfig.mx', '$2b$10$cAuzHga60qjWYH6fNRUQZe14t9z61hi7pw9P3Sw8PQvkkL4ayJgn2'),
('Alejandro Sigfrido', 'Cifuentes', 'Álvarez', '1980-01-01', 'Masculino', '5510000036', 'acifuentes@profesor.expoconfig.mx', '$2b$10$cAuzHga60qjWYH6fNRUQZe14t9z61hi7pw9P3Sw8PQvkkL4ayJgn2'),
('Nestor', 'Colin', 'Hernández', '1980-01-01', 'Masculino', '5510000037', 'ncolin@profesor.expoconfig.mx', '$2b$10$cAuzHga60qjWYH6fNRUQZe14t9z61hi7pw9P3Sw8PQvkkL4ayJgn2'),
('Martha Rosa', 'Cordero', 'López', '1980-01-01', 'Femenino', '5510000038', 'mcordero@profesor.expoconfig.mx', '$2b$10$cAuzHga60qjWYH6fNRUQZe14t9z61hi7pw9P3Sw8PQvkkL4ayJgn2'),
('Uriel', 'Corona', 'Bermúdez', '1980-01-01', 'Masculino', '5510000039', 'ucorona@profesor.expoconfig.mx', '$2b$10$cAuzHga60qjWYH6fNRUQZe14t9z61hi7pw9P3Sw8PQvkkL4ayJgn2'),
('Ukranio', 'Coronilla', 'Contreras', '1980-01-01', 'Masculino', '5510000040', 'ucoronilla@profesor.expoconfig.mx', '$2b$10$cAuzHga60qjWYH6fNRUQZe14t9z61hi7pw9P3Sw8PQvkkL4ayJgn2'),
('Jorge', 'Cortés', 'Galicia', '1980-01-01', 'Masculino', '5510000041', 'jcortes@profesor.expoconfig.mx', '$2b$10$cAuzHga60qjWYH6fNRUQZe14t9z61hi7pw9P3Sw8PQvkkL4ayJgn2'),
('Nidia Asunción', 'Cortez', 'Duarte', '1980-01-01', 'Femenino', '5510000042', 'ncortez@profesor.expoconfig.mx', '$2b$10$cAuzHga60qjWYH6fNRUQZe14t9z61hi7pw9P3Sw8PQvkkL4ayJgn2'),
('Daniel', 'Cruz', 'García', '1980-01-01', 'Masculino', '5510000043', 'dcruz@profesor.expoconfig.mx', '$2b$10$cAuzHga60qjWYH6fNRUQZe14t9z61hi7pw9P3Sw8PQvkkL4ayJgn2'),
('Apolinar Francisco', 'Cruz', 'Lázaro', '1980-01-01', 'Masculino', '5510000044', 'acruz@profesor.expoconfig.mx', '$2b$10$cAuzHga60qjWYH6fNRUQZe14t9z61hi7pw9P3Sw8PQvkkL4ayJgn2'),
('María Elena', 'Cruz', 'Meza', '1980-01-01', 'Femenino', '5510000045', 'mcruz@profesor.expoconfig.mx', '$2b$10$cAuzHga60qjWYH6fNRUQZe14t9z61hi7pw9P3Sw8PQvkkL4ayJgn2'),
('Jorge Alberto', 'Cruz', 'Rojas', '1980-01-01', 'Masculino', '5510000046', 'jcruz@profesor.expoconfig.mx', '$2b$10$cAuzHga60qjWYH6fNRUQZe14t9z61hi7pw9P3Sw8PQvkkL4ayJgn2'),
('Benjamín', 'Cruz', 'Torres', '1980-01-01', 'Masculino', '5510000047', 'bcruz@profesor.expoconfig.mx', '$2b$10$cAuzHga60qjWYH6fNRUQZe14t9z61hi7pw9P3Sw8PQvkkL4ayJgn2'),
('José Carlos', 'Dávalos', 'López', '1980-01-01', 'Masculino', '5510000048', 'jdavalos@profesor.expoconfig.mx', '$2b$10$cAuzHga60qjWYH6fNRUQZe14t9z61hi7pw9P3Sw8PQvkkL4ayJgn2'),
('Saúl', 'De la O', 'Torres', '1980-01-01', 'Masculino', '5510000049', 'sdelao@profesor.expoconfig.mx', '$2b$10$cAuzHga60qjWYH6fNRUQZe14t9z61hi7pw9P3Sw8PQvkkL4ayJgn2'),
('Roberto', 'De Luna', 'Caballero', '1980-01-01', 'Masculino', '5510000050', 'rdeluna@profesor.expoconfig.mx', '$2b$10$cAuzHga60qjWYH6fNRUQZe14t9z61hi7pw9P3Sw8PQvkkL4ayJgn2'),
('Claudia Celia', 'Díaz', 'Huerta', '1980-01-01', 'Femenino', '5510000051', 'cdiaz@profesor.expoconfig.mx', '$2b$10$cAuzHga60qjWYH6fNRUQZe14t9z61hi7pw9P3Sw8PQvkkL4ayJgn2'),
('Ricardo Felipe', 'Díaz', 'Santiago', '1980-01-01', 'Masculino', '5510000052', 'rdiaz@profesor.expoconfig.mx', '$2b$10$cAuzHga60qjWYH6fNRUQZe14t9z61hi7pw9P3Sw8PQvkkL4ayJgn2'),
('Sandra', 'Díaz', 'Santiago', '1980-01-01', 'Femenino', '5510000053', 'sdiaz@profesor.expoconfig.mx', '$2b$10$cAuzHga60qjWYH6fNRUQZe14t9z61hi7pw9P3Sw8PQvkkL4ayJgn2'),
('Iván', 'Díaz', 'Toalá', '1980-01-01', 'Masculino', '5510000054', 'idiaz@profesor.expoconfig.mx', '$2b$10$cAuzHga60qjWYH6fNRUQZe14t9z61hi7pw9P3Sw8PQvkkL4ayJgn2'),
('Marco Antonio', 'Dorantes', 'González', '1980-01-01', 'Masculino', '5510000055', 'mdorantes@profesor.expoconfig.mx', '$2b$10$cAuzHga60qjWYH6fNRUQZe14t9z61hi7pw9P3Sw8PQvkkL4ayJgn2'),
('Claudia Jisela', 'Dorantes', 'Villa', '1980-01-01', 'Femenino', '5510000056', 'cdorantes@profesor.expoconfig.mx', '$2b$10$cAuzHga60qjWYH6fNRUQZe14t9z61hi7pw9P3Sw8PQvkkL4ayJgn2'),
('Edmundo René', 'Durán', 'Camarillo', '1980-01-01', 'Masculino', '5510000057', 'eduran@profesor.expoconfig.mx', '$2b$10$cAuzHga60qjWYH6fNRUQZe14t9z61hi7pw9P3Sw8PQvkkL4ayJgn2'),
('Angel Adalberto', 'Durán', 'Ledezma', '1980-01-01', 'Masculino', '5510000058', 'aduran@profesor.expoconfig.mx', '$2b$10$cAuzHga60qjWYH6fNRUQZe14t9z61hi7pw9P3Sw8PQvkkL4ayJgn2'),
('José Asunción', 'Enríquez', 'Zárate', '1980-01-01', 'Masculino', '5510000059', 'jenriquez@profesor.expoconfig.mx', '$2b$10$cAuzHga60qjWYH6fNRUQZe14t9z61hi7pw9P3Sw8PQvkkL4ayJgn2'),
('Patricia', 'Escamilla', 'Miranda', '1980-01-01', 'Femenino', '5510000060', 'pescamilla@profesor.expoconfig.mx', '$2b$10$cAuzHga60qjWYH6fNRUQZe14t9z61hi7pw9P3Sw8PQvkkL4ayJgn2'),
('José Armando', 'Esquivel', 'Centeno', '1980-01-01', 'Masculino', '5510000061', 'jesquivel@profesor.expoconfig.mx', '$2b$10$cAuzHga60qjWYH6fNRUQZe14t9z61hi7pw9P3Sw8PQvkkL4ayJgn2'),
('Serafín', 'Estrada', 'Elizalde', '1980-01-01', 'Masculino', '5510000062', 'sestrada@profesor.expoconfig.mx', '$2b$10$cAuzHga60qjWYH6fNRUQZe14t9z61hi7pw9P3Sw8PQvkkL4ayJgn2'),
('Alfonso', 'Fernández', 'Vázquez', '1980-01-01', 'Masculino', '5510000063', 'afernandez@profesor.expoconfig.mx', '$2b$10$cAuzHga60qjWYH6fNRUQZe14t9z61hi7pw9P3Sw8PQvkkL4ayJgn2'),
('Jorge', 'Ferrer', 'Tenorio', '1980-01-01', 'Masculino', '5510000064', 'jferrer@profesor.expoconfig.mx', '$2b$10$cAuzHga60qjWYH6fNRUQZe14t9z61hi7pw9P3Sw8PQvkkL4ayJgn2'),
('Felipe de Jesús', 'Figueroa', 'Del Prado', '1980-01-01', 'Masculino', '5510000065', 'ffigueroa@profesor.expoconfig.mx', '$2b$10$cAuzHga60qjWYH6fNRUQZe14t9z61hi7pw9P3Sw8PQvkkL4ayJgn2'),
('Raquel', 'Flores', 'Delgado', '1980-01-01', 'Femenino', '5510000066', 'rflores@profesor.expoconfig.mx', '$2b$10$cAuzHga60qjWYH6fNRUQZe14t9z61hi7pw9P3Sw8PQvkkL4ayJgn2'),
('José Antonio', 'Flores', 'Escobar', '1980-01-01', 'Masculino', '5510000067', 'jflores@profesor.expoconfig.mx', '$2b$10$cAuzHga60qjWYH6fNRUQZe14t9z61hi7pw9P3Sw8PQvkkL4ayJgn2'),
('Ituriel Enrique', 'Flores', 'Estrada', '1980-01-01', 'Masculino', '5510000068', 'iflores@profesor.expoconfig.mx', '$2b$10$cAuzHga60qjWYH6fNRUQZe14t9z61hi7pw9P3Sw8PQvkkL4ayJgn2'),
('Naria Adriana', 'Flores', 'Fuentes', '1980-01-01', 'Femenino', '5510000069', 'nflores@profesor.expoconfig.mx', '$2b$10$cAuzHga60qjWYH6fNRUQZe14t9z61hi7pw9P3Sw8PQvkkL4ayJgn2'),
('Yaxkin', 'Flores', 'Mendoza', '1980-01-01', 'Masculino', '5510000070', 'yflores@profesor.expoconfig.mx', '$2b$10$cAuzHga60qjWYH6fNRUQZe14t9z61hi7pw9P3Sw8PQvkkL4ayJgn2'),
('Yesica Sonia', 'Flores', 'Meraz', '1980-01-01', 'Femenino', '5510000071', 'yfloresm@profesor.expoconfig.mx', '$2b$10$cAuzHga60qjWYH6fNRUQZe14t9z61hi7pw9P3Sw8PQvkkL4ayJgn2'),
('Edgardo Adrián', 'Franco', 'Martínez', '1980-01-01', 'Masculino', '5510000072', 'efranco@profesor.expoconfig.mx', '$2b$10$cAuzHga60qjWYH6fNRUQZe14t9z61hi7pw9P3Sw8PQvkkL4ayJgn2'),
('María del Rosario', 'Galeana', 'Chávez', '1980-01-01', 'Femenino', '5510000073', 'mgaleana@profesor.expoconfig.mx', '$2b$10$cAuzHga60qjWYH6fNRUQZe14t9z61hi7pw9P3Sw8PQvkkL4ayJgn2'),
('Rubén', 'Galicia', 'Mejía', '1980-01-01', 'Masculino', '5510000074', 'rgalicia@profesor.expoconfig.mx', '$2b$10$cAuzHga60qjWYH6fNRUQZe14t9z61hi7pw9P3Sw8PQvkkL4ayJgn2'),
('Cristal Karina', 'Galindo', 'Durán', '1980-01-01', 'Femenino', '5510000075', 'cgalindo@profesor.expoconfig.mx', '$2b$10$cAuzHga60qjWYH6fNRUQZe14t9z61hi7pw9P3Sw8PQvkkL4ayJgn2'),
('María Gabriela', 'Galiñanes', 'Rodríguez', '1980-01-01', 'Femenino', '5510000076', 'mgalinanes@profesor.expoconfig.mx', '$2b$10$cAuzHga60qjWYH6fNRUQZe14t9z61hi7pw9P3Sw8PQvkkL4ayJgn2'),
('Consuelo Varinia', 'García', 'Mendoza', '1980-01-01', 'Femenino', '5510000077', 'cgarcia@profesor.expoconfig.mx', '$2b$10$cAuzHga60qjWYH6fNRUQZe14t9z61hi7pw9P3Sw8PQvkkL4ayJgn2'),
('Victor Hugo', 'García', 'Ortega', '1980-01-01', 'Masculino', '5510000078', 'vgarcia@profesor.expoconfig.mx', '$2b$10$cAuzHga60qjWYH6fNRUQZe14t9z61hi7pw9P3Sw8PQvkkL4ayJgn2'),
('Juan Vicente', 'García', 'Sales', '1980-01-01', 'Masculino', '5510000079', 'jgarcia@profesor.expoconfig.mx', '$2b$10$cAuzHga60qjWYH6fNRUQZe14t9z61hi7pw9P3Sw8PQvkkL4ayJgn2'),
('Fabián', 'Gaspar', 'Medina', '1980-01-01', 'Masculino', '5510000080', 'fgaspar@profesor.expoconfig.mx', '$2b$10$cAuzHga60qjWYH6fNRUQZe14t9z61hi7pw9P3Sw8PQvkkL4ayJgn2'),
('Mariana', 'Gómez', 'Tress', '1980-01-01', 'Femenino', '5510000081', 'mgomez@profesor.expoconfig.mx', '$2b$10$cAuzHga60qjWYH6fNRUQZe14t9z61hi7pw9P3Sw8PQvkkL4ayJgn2'),
('Gisela', 'González', 'Albarrán', '1980-01-01', 'Femenino', '5510000082', 'ggonzalez@profesor.expoconfig.mx', '$2b$10$cAuzHga60qjWYH6fNRUQZe14t9z61hi7pw9P3Sw8PQvkkL4ayJgn2'),
('Alejandro', 'González', 'Cisneros', '1980-01-01', 'Masculino', '5510000083', 'agonzalez@profesor.expoconfig.mx', '$2b$10$cAuzHga60qjWYH6fNRUQZe14t9z61hi7pw9P3Sw8PQvkkL4ayJgn2'),
('Gustavo', 'González', 'García', '1980-01-01', 'Masculino', '5510000084', 'ggonzalezg@profesor.expoconfig.mx', '$2b$10$cAuzHga60qjWYH6fNRUQZe14t9z61hi7pw9P3Sw8PQvkkL4ayJgn2'),
('Marko Alfonso', 'González', 'Ramírez', '1980-01-01', 'Masculino', '5510000085', 'mgonzalez@profesor.expoconfig.mx', '$2b$10$cAuzHga60qjWYH6fNRUQZe14t9z61hi7pw9P3Sw8PQvkkL4ayJgn2'),
('Miguel Ángel', 'González', 'Trujillo', '1980-01-01', 'Masculino', '5510000086', 'mgonzalezt@profesor.expoconfig.mx', '$2b$10$cAuzHga60qjWYH6fNRUQZe14t9z61hi7pw9P3Sw8PQvkkL4ayJgn2'),
('Eduardo', 'Gutiérrez', 'Aldana', '1980-01-01', 'Masculino', '5510000087', 'egutierrez@profesor.expoconfig.mx', '$2b$10$cAuzHga60qjWYH6fNRUQZe14t9z61hi7pw9P3Sw8PQvkkL4ayJgn2'),
('Juan Jesús', 'Gutiérrez', 'García', '1980-01-01', 'Masculino', '5510000088', 'jgutierrez@profesor.expoconfig.mx', '$2b$10$cAuzHga60qjWYH6fNRUQZe14t9z61hi7pw9P3Sw8PQvkkL4ayJgn2'),
('Darwin', 'Gutiérrez', 'Mejía', '1980-01-01', 'Masculino', '5510000089', 'dgutierrez@profesor.expoconfig.mx', '$2b$10$cAuzHga60qjWYH6fNRUQZe14t9z61hi7pw9P3Sw8PQvkkL4ayJgn2'),
('Florencio', 'Guzmán', 'Aguilar', '1980-01-01', 'Masculino', '5510000090', 'fguzman@profesor.expoconfig.mx', '$2b$10$cAuzHga60qjWYH6fNRUQZe14t9z61hi7pw9P3Sw8PQvkkL4ayJgn2'),
('Jessie Paulina', 'Guzmán', 'Flores', '1980-01-01', 'Femenino', '5510000091', 'jguzman@profesor.expoconfig.mx', '$2b$10$cAuzHga60qjWYH6fNRUQZe14t9z61hi7pw9P3Sw8PQvkkL4ayJgn2'),
('Leticia', 'Henestrosa', 'Carrasco', '1980-01-01', 'Femenino', '5510000092', 'lhenestrosa@profesor.expoconfig.mx', '$2b$10$cAuzHga60qjWYH6fNRUQZe14t9z61hi7pw9P3Sw8PQvkkL4ayJgn2'),
('José Luis', 'Hernández', 'Aguilar', '1980-01-01', 'Masculino', '5510000093', 'jhernandez@profesor.expoconfig.mx', '$2b$10$cAuzHga60qjWYH6fNRUQZe14t9z61hi7pw9P3Sw8PQvkkL4ayJgn2'),
('Macario', 'Hernández', 'Cruz', '1980-01-01', 'Masculino', '5510000094', 'mhernandez@profesor.expoconfig.mx', '$2b$10$cAuzHga60qjWYH6fNRUQZe14t9z61hi7pw9P3Sw8PQvkkL4ayJgn2'),
('Rosa Alba', 'Hernández', 'García', '1980-01-01', 'Femenino', '5510000095', 'rhernandez@profesor.expoconfig.mx', '$2b$10$cAuzHga60qjWYH6fNRUQZe14t9z61hi7pw9P3Sw8PQvkkL4ayJgn2'),
('Josefína', 'Hernández', 'Jaime', '1980-01-01', 'Femenino', '5510000096', 'jhernandezj@profesor.expoconfig.mx', '$2b$10$cAuzHga60qjWYH6fNRUQZe14t9z61hi7pw9P3Sw8PQvkkL4ayJgn2'),
('Luis Enrique', 'Hernández', 'Olvera', '1980-01-01', 'Masculino', '5510000097', 'lhernandez@profesor.expoconfig.mx', '$2b$10$cAuzHga60qjWYH6fNRUQZe14t9z61hi7pw9P3Sw8PQvkkL4ayJgn2'),
('Erika', 'Hernández', 'Rubio', '1980-01-01', 'Femenino', '5510000098', 'ehernandez@profesor.expoconfig.mx', '$2b$10$cAuzHga60qjWYH6fNRUQZe14t9z61hi7pw9P3Sw8PQvkkL4ayJgn2'),
('José Celestino Elías', 'Hernández', 'Secundino', '1980-01-01', 'Masculino', '5510000099', 'jhernandezs@profesor.expoconfig.mx', '$2b$10$cAuzHga60qjWYH6fNRUQZe14t9z61hi7pw9P3Sw8PQvkkL4ayJgn2'),
('César', 'Hernández', 'Vásquez', '1980-01-01', 'Masculino', '5510000100', 'chernandez@profesor.expoconfig.mx', '$2b$10$cAuzHga60qjWYH6fNRUQZe14t9z61hi7pw9P3Sw8PQvkkL4ayJgn2'),
('Crispin', 'Herrera', 'Yañez', '1980-01-01', 'Masculino', '5510000101', 'cherrera@profesor.expoconfig.mx', '$2b$10$cAuzHga60qjWYH6fNRUQZe14t9z61hi7pw9P3Sw8PQvkkL4ayJgn2'),
('José Alfredo', 'Jiménez', 'Benítez', '1980-01-01', 'Masculino', '5510000102', 'jjimenez@profesor.expoconfig.mx', '$2b$10$cAuzHga60qjWYH6fNRUQZe14t9z61hi7pw9P3Sw8PQvkkL4ayJgn2'),
('Edith Adriana', 'Jiménez', 'Contreras', '1980-01-01', 'Femenino', '5510000103', 'ejimenez@profesor.expoconfig.mx', '$2b$10$cAuzHga60qjWYH6fNRUQZe14t9z61hi7pw9P3Sw8PQvkkL4ayJgn2'),
('Yasmín Ivette', 'Jiménez', 'Galán', '1980-01-01', 'Femenino', '5510000104', 'yjimenez@profesor.expoconfig.mx', '$2b$10$cAuzHga60qjWYH6fNRUQZe14t9z61hi7pw9P3Sw8PQvkkL4ayJgn2'),
('René Baltazar', 'Jiménez', 'Ruíz', '1980-01-01', 'Masculino', '5510000105', 'rjimenez@profesor.expoconfig.mx', '$2b$10$cAuzHga60qjWYH6fNRUQZe14t9z61hi7pw9P3Sw8PQvkkL4ayJgn2'),
('Martha Patricia', 'Jiménez', 'Villanueva', '1980-01-01', 'Femenino', '5510000106', 'mjimenez@profesor.expoconfig.mx', '$2b$10$cAuzHga60qjWYH6fNRUQZe14t9z61hi7pw9P3Sw8PQvkkL4ayJgn2'),
('Joel Omar', 'Juárez', 'Gambino', '1980-01-01', 'Masculino', '5510000107', 'jjuarez@profesor.expoconfig.mx', '$2b$10$cAuzHga60qjWYH6fNRUQZe14t9z61hi7pw9P3Sw8PQvkkL4ayJgn2'),
('Carlos', 'Juárez', 'León', '1980-01-01', 'Masculino', '5510000108', 'cjuarez@profesor.expoconfig.mx', '$2b$10$cAuzHga60qjWYH6fNRUQZe14t9z61hi7pw9P3Sw8PQvkkL4ayJgn2'),
('Genaro', 'Juárez', 'Martínez', '1980-01-01', 'Masculino', '5510000109', 'gjuarez@profesor.expoconfig.mx', '$2b$10$cAuzHga60qjWYH6fNRUQZe14t9z61hi7pw9P3Sw8PQvkkL4ayJgn2'),
('Ana Belem', 'Juarez', 'Mendez', '1980-01-01', 'Femenino', '5510000110', 'ajuarez@profesor.expoconfig.mx', '$2b$10$cAuzHga60qjWYH6fNRUQZe14t9z61hi7pw9P3Sw8PQvkkL4ayJgn2'),
('Jazmín Adriana', 'Juárez', 'Ramírez', '1980-01-01', 'Femenino', '5510000111', 'jjuarezr@profesor.expoconfig.mx', '$2b$10$cAuzHga60qjWYH6fNRUQZe14t9z61hi7pw9P3Sw8PQvkkL4ayJgn2'),
('Roberto', 'Jurado', 'Jiménez', '1980-01-01', 'Masculino', '5510000112', 'rjurado@profesor.expoconfig.mx', '$2b$10$cAuzHga60qjWYH6fNRUQZe14t9z61hi7pw9P3Sw8PQvkkL4ayJgn2'),
('Laura', 'Lazcano', 'Xoxotla', '1980-01-01', 'Femenino', '5510000113', 'llazcano@profesor.expoconfig.mx', '$2b$10$cAuzHga60qjWYH6fNRUQZe14t9z61hi7pw9P3Sw8PQvkkL4ayJgn2'),
('Christian René', 'Leal', 'Pacheco', '1980-01-01', 'Masculino', '5510000114', 'cleal@profesor.expoconfig.mx', '$2b$10$cAuzHga60qjWYH6fNRUQZe14t9z61hi7pw9P3Sw8PQvkkL4ayJgn2'),
('Miguel Abel', 'León', 'Hernández', '1980-01-01', 'Masculino', '5510000115', 'mleon@profesor.expoconfig.mx', '$2b$10$cAuzHga60qjWYH6fNRUQZe14t9z61hi7pw9P3Sw8PQvkkL4ayJgn2'),
('Sergio', 'Levario', 'Medina', '1980-01-01', 'Masculino', '5510000116', 'slevario@profesor.expoconfig.mx', '$2b$10$cAuzHga60qjWYH6fNRUQZe14t9z61hi7pw9P3Sw8PQvkkL4ayJgn2'),
('Erick Eugenio', 'Linares', 'Vallejo', '1980-01-01', 'Masculino', '5510000117', 'elinares@profesor.expoconfig.mx', '$2b$10$cAuzHga60qjWYH6fNRUQZe14t9z61hi7pw9P3Sw8PQvkkL4ayJgn2'),
('Ariel', 'López', 'Rojas', '1980-01-01', 'Masculino', '5510000118', 'alopez@profesor.expoconfig.mx', '$2b$10$cAuzHga60qjWYH6fNRUQZe14t9z61hi7pw9P3Sw8PQvkkL4ayJgn2'),
('Benjamín', 'López', 'Carrera', '1980-01-01', 'Masculino', '5510000119', 'blopez@profesor.expoconfig.mx', '$2b$10$cAuzHga60qjWYH6fNRUQZe14t9z61hi7pw9P3Sw8PQvkkL4ayJgn2'),
('Luis Octavio', 'López', 'Leyva', '1980-01-01', 'Masculino', '5510000120', 'llopez@profesor.expoconfig.mx', '$2b$10$cAuzHga60qjWYH6fNRUQZe14t9z61hi7pw9P3Sw8PQvkkL4ayJgn2'),
('Claudia Alejandra', 'López', 'Rodríguez', '1980-01-01', 'Femenino', '5510000121', 'clopez@profesor.expoconfig.mx', '$2b$10$cAuzHga60qjWYH6fNRUQZe14t9z61hi7pw9P3Sw8PQvkkL4ayJgn2'),
('Gabriela de Jesús', 'López', 'Ruíz', '1980-01-01', 'Femenino', '5510000122', 'glopez@profesor.expoconfig.mx', '$2b$10$cAuzHga60qjWYH6fNRUQZe14t9z61hi7pw9P3Sw8PQvkkL4ayJgn2'),
('José Manuel', 'López', 'Sánchez', '1980-01-01', 'Masculino', '5510000123', 'jlopez@profesor.expoconfig.mx', '$2b$10$cAuzHga60qjWYH6fNRUQZe14t9z61hi7pw9P3Sw8PQvkkL4ayJgn2'),
('Araceli', 'Loyola', 'Espinosa', '1980-01-01', 'Femenino', '5510000124', 'aloyola@profesor.expoconfig.mx', '$2b$10$cAuzHga60qjWYH6fNRUQZe14t9z61hi7pw9P3Sw8PQvkkL4ayJgn2'),
('Benjamín', 'Luna', 'Benoso', '1980-01-01', 'Masculino', '5510000125', 'bluna@profesor.expoconfig.mx', '$2b$10$cAuzHga60qjWYH6fNRUQZe14t9z61hi7pw9P3Sw8PQvkkL4ayJgn2'),
('Francisco Javier', 'Macías', 'Pérez', '1980-01-01', 'Masculino', '5510000126', 'fmacias@profesor.expoconfig.mx', '$2b$10$cAuzHga60qjWYH6fNRUQZe14t9z61hi7pw9P3Sw8PQvkkL4ayJgn2'),
('Idalia', 'Maldonado', 'Castillo', '1980-01-01', 'Femenino', '5510000127', 'imaldonado@profesor.expoconfig.mx', '$2b$10$cAuzHga60qjWYH6fNRUQZe14t9z61hi7pw9P3Sw8PQvkkL4ayJgn2'),
('Miguel Ángel', 'Maldonado', 'Muñoz', '1980-01-01', 'Masculino', '5510000128', 'mmaldonado@profesor.expoconfig.mx', '$2b$10$cAuzHga60qjWYH6fNRUQZe14t9z61hi7pw9P3Sw8PQvkkL4ayJgn2'),
('Héctor Manuel', 'Manzanilla', 'Granados', '1980-01-01', 'Masculino', '5510000129', 'hmanzanilla@profesor.expoconfig.mx', '$2b$10$cAuzHga60qjWYH6fNRUQZe14t9z61hi7pw9P3Sw8PQvkkL4ayJgn2'),
('Guillermo', 'Márquez', 'Arreguín', '1980-01-01', 'Masculino', '5510000130', 'gmarquez@profesor.expoconfig.mx', '$2b$10$cAuzHga60qjWYH6fNRUQZe14t9z61hi7pw9P3Sw8PQvkkL4ayJgn2'),
('Lilian', 'Martínez', 'Acosta', '1980-01-01', 'Femenino', '5510000131', 'lmartinez@profesor.expoconfig.mx', '$2b$10$cAuzHga60qjWYH6fNRUQZe14t9z61hi7pw9P3Sw8PQvkkL4ayJgn2'),
('Juan Carlos', 'Martínez', 'Díaz', '1980-01-01', 'Masculino', '5510000132', 'jmartinez@profesor.expoconfig.mx', '$2b$10$cAuzHga60qjWYH6fNRUQZe14t9z61hi7pw9P3Sw8PQvkkL4ayJgn2'),
('César Román', 'Martínez', 'García', '1980-01-01', 'Masculino', '5510000133', 'cmartinez@profesor.expoconfig.mx', '$2b$10$cAuzHga60qjWYH6fNRUQZe14t9z61hi7pw9P3Sw8PQvkkL4ayJgn2'),
('José Alfredo', 'Martínez', 'Guerrero', '1980-01-01', 'Masculino', '5510000134', 'jmartinezg@profesor.expoconfig.mx', '$2b$10$cAuzHga60qjWYH6fNRUQZe14t9z61hi7pw9P3Sw8PQvkkL4ayJgn2'),
('Jesús Alfredo', 'Martínez', 'Nuño', '1980-01-01', 'Masculino', '5510000135', 'jmartinezn@profesor.expoconfig.mx', '$2b$10$cAuzHga60qjWYH6fNRUQZe14t9z61hi7pw9P3Sw8PQvkkL4ayJgn2'),
('José Cruz', 'Martínez', 'Perales', '1980-01-01', 'Masculino', '5510000136', 'jmartinezp@profesor.expoconfig.mx', '$2b$10$cAuzHga60qjWYH6fNRUQZe14t9z61hi7pw9P3Sw8PQvkkL4ayJgn2'),
('Ricardo', 'Martínez', 'Rosales', '1980-01-01', 'Masculino', '5510000137', 'rmartinez@profesor.expoconfig.mx', '$2b$10$cAuzHga60qjWYH6fNRUQZe14t9z61hi7pw9P3Sw8PQvkkL4ayJgn2'),
('Patricia', 'Mata', 'Gil', '1980-01-01', 'Femenino', '5510000138', 'pmata@profesor.expoconfig.mx', '$2b$10$cAuzHga60qjWYH6fNRUQZe14t9z61hi7pw9P3Sw8PQvkkL4ayJgn2'),
('Virginia', 'Medina', 'Mejía', '1980-01-01', 'Femenino', '5510000139', 'vmedina@profesor.expoconfig.mx', '$2b$10$cAuzHga60qjWYH6fNRUQZe14t9z61hi7pw9P3Sw8PQvkkL4ayJgn2'),
('Reyna Elia', 'Melara', 'Abarca', '1980-01-01', 'Femenino', '5510000140', 'rmelara@profesor.expoconfig.mx', '$2b$10$cAuzHga60qjWYH6fNRUQZe14t9z61hi7pw9P3Sw8PQvkkL4ayJgn2'),
('Laura', 'Méndez', 'Segundo', '1980-01-01', 'Femenino', '5510000141', 'lmendez@profesor.expoconfig.mx', '$2b$10$cAuzHga60qjWYH6fNRUQZe14t9z61hi7pw9P3Sw8PQvkkL4ayJgn2'),
('Elba', 'Mendoza', 'Macías', '1980-01-01', 'Femenino', '5510000142', 'emendoza@profesor.expoconfig.mx', '$2b$10$cAuzHga60qjWYH6fNRUQZe14t9z61hi7pw9P3Sw8PQvkkL4ayJgn2'),
('Zelin', 'Miguel', 'Pilar', '1980-01-01', 'Masculino', '5510000143', 'zmiguel@profesor.expoconfig.mx', '$2b$10$cAuzHga60qjWYH6fNRUQZe14t9z61hi7pw9P3Sw8PQvkkL4ayJgn2'),
('Adbel Anahí', 'Montes', 'Meza', '1980-01-01', 'Femenino', '5510000144', 'amontes@profesor.expoconfig.mx', '$2b$10$cAuzHga60qjWYH6fNRUQZe14t9z61hi7pw9P3Sw8PQvkkL4ayJgn2'),
('Ángel Salvador', 'Montiel', 'Sánchez', '1980-01-01', 'Masculino', '5510000145', 'amontiel@profesor.expoconfig.mx', '$2b$10$cAuzHga60qjWYH6fNRUQZe14t9z61hi7pw9P3Sw8PQvkkL4ayJgn2'),
('Juan Carlos', 'Morales', 'Cruz', '1980-01-01', 'Masculino', '5510000146', 'jmorales@profesor.expoconfig.mx', '$2b$10$cAuzHga60qjWYH6fNRUQZe14t9z61hi7pw9P3Sw8PQvkkL4ayJgn2'),
('Ángel', 'Morales', 'González', '1980-01-01', 'Masculino', '5510000147', 'amorales@profesor.expoconfig.mx', '$2b$10$cAuzHga60qjWYH6fNRUQZe14t9z61hi7pw9P3Sw8PQvkkL4ayJgn2'),
('Sandra Luz', 'Morales', 'Güitrón', '1980-01-01', 'Femenino', '5510000148', 'smorales@profesor.expoconfig.mx', '$2b$10$cAuzHga60qjWYH6fNRUQZe14t9z61hi7pw9P3Sw8PQvkkL4ayJgn2'),
('Úrsula Samantha', 'Morales', 'Rodríguez', '1980-01-01', 'Femenino', '5510000149', 'umorales@profesor.expoconfig.mx', '$2b$10$cAuzHga60qjWYH6fNRUQZe14t9z61hi7pw9P3Sw8PQvkkL4ayJgn2'),
('Marco Antonio', 'Moreno', 'Armendáriz', '1980-01-01', 'Masculino', '5510000150', 'mmoreno@profesor.expoconfig.mx', '$2b$10$cAuzHga60qjWYH6fNRUQZe14t9z61hi7pw9P3Sw8PQvkkL4ayJgn2'),
('Axel Ernesto', 'Moreno', 'Cervantes', '1980-01-01', 'Masculino', '5510000151', 'amoreno@profesor.expoconfig.mx', '$2b$10$cAuzHga60qjWYH6fNRUQZe14t9z61hi7pw9P3Sw8PQvkkL4ayJgn2'),
('Elizabeth', 'Moreno', 'Galván', '1980-01-01', 'Femenino', '5510000152', 'emoreno@profesor.expoconfig.mx', '$2b$10$cAuzHga60qjWYH6fNRUQZe14t9z61hi7pw9P3Sw8PQvkkL4ayJgn2'),
('Yosafat', 'Moscoso', 'Malagón', '1980-01-01', 'Masculino', '5510000153', 'ymoscoso@profesor.expoconfig.mx', '$2b$10$cAuzHga60qjWYH6fNRUQZe14t9z61hi7pw9P3Sw8PQvkkL4ayJgn2'),
('Iván Giovanny', 'Mosso', 'García', '1980-01-01', 'Masculino', '5510000154', 'imosso@profesor.expoconfig.mx', '$2b$10$cAuzHga60qjWYH6fNRUQZe14t9z61hi7pw9P3Sw8PQvkkL4ayJgn2'),
('César', 'Mújica', 'Ascencio', '1980-01-01', 'Masculino', '5510000155', 'cmujica@profesor.expoconfig.mx', '$2b$10$cAuzHga60qjWYH6fNRUQZe14t9z61hi7pw9P3Sw8PQvkkL4ayJgn2'),
('Laura', 'Muñoz', 'Salazar', '1980-01-01', 'Femenino', '5510000156', 'lmunoz@profesor.expoconfig.mx', '$2b$10$cAuzHga60qjWYH6fNRUQZe14t9z61hi7pw9P3Sw8PQvkkL4ayJgn2'),
('Joel', 'Nava', 'Lara', '1980-01-01', 'Masculino', '5510000157', 'jnava@profesor.expoconfig.mx', '$2b$10$cAuzHga60qjWYH6fNRUQZe14t9z61hi7pw9P3Sw8PQvkkL4ayJgn2'),
('Fabiola', 'Ocampo', 'Botello', '1980-01-01', 'Femenino', '5510000158', 'focampo@profesor.expoconfig.mx', '$2b$10$cAuzHga60qjWYH6fNRUQZe14t9z61hi7pw9P3Sw8PQvkkL4ayJgn2'),
('Nancy', 'Ocotitla', 'Rojas', '1980-01-01', 'Femenino', '5510000159', 'nocotitla@profesor.expoconfig.mx', '$2b$10$cAuzHga60qjWYH6fNRUQZe14t9z61hi7pw9P3Sw8PQvkkL4ayJgn2'),
('Didier', 'Ojeda', 'Guillén', '1980-01-01', 'Masculino', '5510000160', 'dojeda@profesor.expoconfig.mx', '$2b$10$cAuzHga60qjWYH6fNRUQZe14t9z61hi7pw9P3Sw8PQvkkL4ayJgn2'),
('Rubén', 'Ortega', 'González', '1980-01-01', 'Masculino', '5510000161', 'rortega@profesor.expoconfig.mx', '$2b$10$cAuzHga60qjWYH6fNRUQZe14t9z61hi7pw9P3Sw8PQvkkL4ayJgn2'),
('Andrés', 'Ortigoza', 'Campos', '1980-01-01', 'Masculino', '5510000162', 'aortigoza@profesor.expoconfig.mx', '$2b$10$cAuzHga60qjWYH6fNRUQZe14t9z61hi7pw9P3Sw8PQvkkL4ayJgn2'),
('José Antonio', 'Ortíz', 'Ramírez', '1980-01-01', 'Masculino', '5510000163', 'jortiz@profesor.expoconfig.mx', '$2b$10$cAuzHga60qjWYH6fNRUQZe14t9z61hi7pw9P3Sw8PQvkkL4ayJgn2'),
('Jesús', 'Ortuño', 'Araujo', '1980-01-01', 'Masculino', '5510000164', 'jortuno@profesor.expoconfig.mx', '$2b$10$cAuzHga60qjWYH6fNRUQZe14t9z61hi7pw9P3Sw8PQvkkL4ayJgn2'),
('Yanira', 'Pachuca', 'Herrera', '1980-01-01', 'Femenino', '5510000165', 'ypachuca@profesor.expoconfig.mx', '$2b$10$cAuzHga60qjWYH6fNRUQZe14t9z61hi7pw9P3Sw8PQvkkL4ayJgn2'),
('Rocío', 'Palacios', 'Solano', '1980-01-01', 'Femenino', '5510000166', 'rpalacios@profesor.expoconfig.mx', '$2b$10$cAuzHga60qjWYH6fNRUQZe14t9z61hi7pw9P3Sw8PQvkkL4ayJgn2'),
('Rosaura', 'Palma', 'Orozco', '1980-01-01', 'Femenino', '5510000167', 'rpalma@profesor.expoconfig.mx', '$2b$10$cAuzHga60qjWYH6fNRUQZe14t9z61hi7pw9P3Sw8PQvkkL4ayJgn2'),
('Myriam Noemí', 'Paredes', 'Cadena', '1980-01-01', 'Femenino', '5510000168', 'mparedes@profesor.expoconfig.mx', '$2b$10$cAuzHga60qjWYH6fNRUQZe14t9z61hi7pw9P3Sw8PQvkkL4ayJgn2'),
('Carlos Jesús', 'Pastrana', 'Fernández', '1980-01-01', 'Masculino', '5510000169', 'cpastrana@profesor.expoconfig.mx', '$2b$10$cAuzHga60qjWYH6fNRUQZe14t9z61hi7pw9P3Sw8PQvkkL4ayJgn2'),
('Rubén', 'Peredo', 'Valderrama', '1980-01-01', 'Masculino', '5510000170', 'rperedo@profesor.expoconfig.mx', '$2b$10$cAuzHga60qjWYH6fNRUQZe14t9z61hi7pw9P3Sw8PQvkkL4ayJgn2'),
('Tanibet', 'Pérez de los Santos', 'Mondragón', '1980-01-01', 'Femenino', '5510000171', 'tperezdelossantos@profesor.expoconfig.mx', '$2b$10$cAuzHga60qjWYH6fNRUQZe14t9z61hi7pw9P3Sw8PQvkkL4ayJgn2'),
('José Juan', 'Pérez', 'Pérez', '1980-01-01', 'Masculino', '5510000172', 'jperez@profesor.expoconfig.mx', '$2b$10$cAuzHga60qjWYH6fNRUQZe14t9z61hi7pw9P3Sw8PQvkkL4ayJgn2'),
('Sandra Mercedes', 'Pérez', 'Vera', '1980-01-01', 'Femenino', '5510000173', 'sperez@profesor.expoconfig.mx', '$2b$10$cAuzHga60qjWYH6fNRUQZe14t9z61hi7pw9P3Sw8PQvkkL4ayJgn2'),
('Miriam', 'Pescador', 'Rojas', '1980-01-01', 'Femenino', '5510000174', 'mpescador@profesor.expoconfig.mx', '$2b$10$cAuzHga60qjWYH6fNRUQZe14t9z61hi7pw9P3Sw8PQvkkL4ayJgn2'),
('Carlos', 'Pineda', 'Guerrero', '1980-01-01', 'Masculino', '5510000175', 'cpineda@profesor.expoconfig.mx', '$2b$10$cAuzHga60qjWYH6fNRUQZe14t9z61hi7pw9P3Sw8PQvkkL4ayJgn2'),
('Jaime Hugo', 'Puebla', 'Lomas', '1980-01-01', 'Masculino', '5510000176', 'jpuebla@profesor.expoconfig.mx', '$2b$10$cAuzHga60qjWYH6fNRUQZe14t9z61hi7pw9P3Sw8PQvkkL4ayJgn2'),
('Elia Tzindejhé', 'Ramírez', 'Martínez', '1980-01-01', 'Femenino', '5510000177', 'eramirez@profesor.expoconfig.mx', '$2b$10$cAuzHga60qjWYH6fNRUQZe14t9z61hi7pw9P3Sw8PQvkkL4ayJgn2'),
('Tonáhtiu Arturo', 'Ramírez', 'Romero', '1980-01-01', 'Masculino', '5510000178', 'tramirez@profesor.expoconfig.mx', '$2b$10$cAuzHga60qjWYH6fNRUQZe14t9z61hi7pw9P3Sw8PQvkkL4ayJgn2'),
('Rafael', 'Ramírez', 'Tenorio', '1980-01-01', 'Masculino', '5510000179', 'rramirez@profesor.expoconfig.mx', '$2b$10$cAuzHga60qjWYH6fNRUQZe14t9z61hi7pw9P3Sw8PQvkkL4ayJgn2'),
('Josué', 'Rangel', 'González', '1980-01-01', 'Masculino', '5510000180', 'jrangel@profesor.expoconfig.mx', '$2b$10$cAuzHga60qjWYH6fNRUQZe14t9z61hi7pw9P3Sw8PQvkkL4ayJgn2'),
('Rocío', 'Reséndiz', 'Muñoz', '1980-01-01', 'Femenino', '5510000181', 'rresendiz@profesor.expoconfig.mx', '$2b$10$cAuzHga60qjWYH6fNRUQZe14t9z61hi7pw9P3Sw8PQvkkL4ayJgn2'),
('Tlatoani de Jesús', 'Reyes', 'Bermejo', '1980-01-01', 'Masculino', '5510000182', 'treyes@profesor.expoconfig.mx', '$2b$10$cAuzHga60qjWYH6fNRUQZe14t9z61hi7pw9P3Sw8PQvkkL4ayJgn2'),
('Ignacio', 'Ríos de la Torre', '', '1980-01-01', 'Masculino', '5510000183', 'iriosdelatorre@profesor.expoconfig.mx', '$2b$10$cAuzHga60qjWYH6fNRUQZe14t9z61hi7pw9P3Sw8PQvkkL4ayJgn2'),
('Mónica', 'Rivera', 'De la Rosa', '1980-01-01', 'Femenino', '5510000184', 'mrivera@profesor.expoconfig.mx', '$2b$10$cAuzHga60qjWYH6fNRUQZe14t9z61hi7pw9P3Sw8PQvkkL4ayJgn2'),
('María del Rosario', 'Rocha', 'Bernabé', '1980-01-01', 'Femenino', '5510000185', 'mrocha@profesor.expoconfig.mx', '$2b$10$cAuzHga60qjWYH6fNRUQZe14t9z61hi7pw9P3Sw8PQvkkL4ayJgn2'),
('Miguel Ángel', 'Rodríguez', 'Castillo', '1980-01-01', 'Masculino', '5510000186', 'mrodriguez@profesor.expoconfig.mx', '$2b$10$cAuzHga60qjWYH6fNRUQZe14t9z61hi7pw9P3Sw8PQvkkL4ayJgn2'),
('Eduardo', 'Rodríguez', 'Flores', '1980-01-01', 'Masculino', '5510000187', 'erodriguez@profesor.expoconfig.mx', '$2b$10$cAuzHga60qjWYH6fNRUQZe14t9z61hi7pw9P3Sw8PQvkkL4ayJgn2'),
('Gabriel de Jesús', 'Rodríguez', 'Jordán', '1980-01-01', 'Masculino', '5510000188', 'grodriguez@profesor.expoconfig.mx', '$2b$10$cAuzHga60qjWYH6fNRUQZe14t9z61hi7pw9P3Sw8PQvkkL4ayJgn2'),
('Marisol', 'Rodríguez', 'Ordaz', '1980-01-01', 'Femenino', '5510000189', 'mrodriguezo@profesor.expoconfig.mx', '$2b$10$cAuzHga60qjWYH6fNRUQZe14t9z61hi7pw9P3Sw8PQvkkL4ayJgn2'),
('Tania', 'Rodríguez', 'Sarabia', '1980-01-01', 'Femenino', '5510000190', 'trodriguez@profesor.expoconfig.mx', '$2b$10$cAuzHga60qjWYH6fNRUQZe14t9z61hi7pw9P3Sw8PQvkkL4ayJgn2'),
('José Gregorio', 'Rodríguez', 'Villarreal', '1980-01-01', 'Masculino', '5510000191', 'jrodriguez@profesor.expoconfig.mx', '$2b$10$cAuzHga60qjWYH6fNRUQZe14t9z61hi7pw9P3Sw8PQvkkL4ayJgn2'),
('Ismael', 'Rojas', 'Mexicano', '1980-01-01', 'Masculino', '5510000192', 'irojas@profesor.expoconfig.mx', '$2b$10$cAuzHga60qjWYH6fNRUQZe14t9z61hi7pw9P3Sw8PQvkkL4ayJgn2'),
('Rodolfo', 'Romero', 'Herrera', '1980-01-01', 'Masculino', '5510000193', 'rromero@profesor.expoconfig.mx', '$2b$10$cAuzHga60qjWYH6fNRUQZe14t9z61hi7pw9P3Sw8PQvkkL4ayJgn2'),
('Jorge Luís', 'Rosas', 'Trigueros', '1980-01-01', 'Masculino', '5510000194', 'jrosas@profesor.expoconfig.mx', '$2b$10$cAuzHga60qjWYH6fNRUQZe14t9z61hi7pw9P3Sw8PQvkkL4ayJgn2'),
('José Marco Antonio', 'Rueda', 'Meléndez', '1980-01-01', 'Masculino', '5510000195', 'jrueda@profesor.expoconfig.mx', '$2b$10$cAuzHga60qjWYH6fNRUQZe14t9z61hi7pw9P3Sw8PQvkkL4ayJgn2'),
('Elena Fabiola', 'Ruíz', 'Ledesma', '1980-01-01', 'Femenino', '5510000196', 'eruiz@profesor.expoconfig.mx', '$2b$10$cAuzHga60qjWYH6fNRUQZe14t9z61hi7pw9P3Sw8PQvkkL4ayJgn2'),
('Israel', 'Salas', 'Ramirez', '1980-01-01', 'Masculino', '5510000197', 'isalas@profesor.expoconfig.mx', '$2b$10$cAuzHga60qjWYH6fNRUQZe14t9z61hi7pw9P3Sw8PQvkkL4ayJgn2'),
('Manuel', 'Salazar', 'Ramírez', '1980-01-01', 'Masculino', '5510000198', 'msalazar@profesor.expoconfig.mx', '$2b$10$cAuzHga60qjWYH6fNRUQZe14t9z61hi7pw9P3Sw8PQvkkL4ayJgn2'),
('Encarnación', 'Salinas', 'Hernández', '1980-01-01', 'Femenino', '5510000199', 'esalinas@profesor.expoconfig.mx', '$2b$10$cAuzHga60qjWYH6fNRUQZe14t9z61hi7pw9P3Sw8PQvkkL4ayJgn2'),
('Sergio', 'Salinas', 'Lugo', '1980-01-01', 'Masculino', '5510000200', 'ssalinas@profesor.expoconfig.mx', '$2b$10$cAuzHga60qjWYH6fNRUQZe14t9z61hi7pw9P3Sw8PQvkkL4ayJgn2'),
('Gilberto', 'Sánchez', 'Quintanilla', '1980-01-01', 'Masculino', '5510000201', 'gsanchez@profesor.expoconfig.mx', '$2b$10$cAuzHga60qjWYH6fNRUQZe14t9z61hi7pw9P3Sw8PQvkkL4ayJgn2'),
('Alfonso', 'Sánchez', 'Aguilar', '1980-01-01', 'Masculino', '5510000202', 'asanchez@profesor.expoconfig.mx', '$2b$10$cAuzHga60qjWYH6fNRUQZe14t9z61hi7pw9P3Sw8PQvkkL4ayJgn2'),
('José Emilio', 'Sánchez', 'Arroyo', '1980-01-01', 'Masculino', '5510000203', 'jsanchez@profesor.expoconfig.mx', '$2b$10$cAuzHga60qjWYH6fNRUQZe14t9z61hi7pw9P3Sw8PQvkkL4ayJgn2'),
('Miguel', 'Sánchez', 'Brito', '1980-01-01', 'Masculino', '5510000204', 'msanchez@profesor.expoconfig.mx', '$2b$10$cAuzHga60qjWYH6fNRUQZe14t9z61hi7pw9P3Sw8PQvkkL4ayJgn2'),
('Virginia', 'Sánchez', 'Cruz', '1980-01-01', 'Femenino', '5510000205', 'vsanchez@profesor.expoconfig.mx', '$2b$10$cAuzHga60qjWYH6fNRUQZe14t9z61hi7pw9P3Sw8PQvkkL4ayJgn2'),
('Luz María', 'Sánchez', 'García', '1980-01-01', 'Femenino', '5510000206', 'lsanchez@profesor.expoconfig.mx', '$2b$10$cAuzHga60qjWYH6fNRUQZe14t9z61hi7pw9P3Sw8PQvkkL4ayJgn2'),
('Octavio', 'Sánchez', 'García', '1980-01-01', 'Masculino', '5510000207', 'osanchez@profesor.expoconfig.mx', '$2b$10$cAuzHga60qjWYH6fNRUQZe14t9z61hi7pw9P3Sw8PQvkkL4ayJgn2'),
('José', 'Sánchez', 'Juárez', '1980-01-01', 'Masculino', '5510000208', 'jsanchezj@profesor.expoconfig.mx', '$2b$10$cAuzHga60qjWYH6fNRUQZe14t9z61hi7pw9P3Sw8PQvkkL4ayJgn2'),
('Israel', 'Sánchez', 'Mendoza', '1980-01-01', 'Masculino', '5510000209', 'isanchez@profesor.expoconfig.mx', '$2b$10$cAuzHga60qjWYH6fNRUQZe14t9z61hi7pw9P3Sw8PQvkkL4ayJgn2'),
('Adriana de la Paz', 'Sánchez', 'Moreno', '1980-01-01', 'Femenino', '5510000210', 'asanchezm@profesor.expoconfig.mx', '$2b$10$cAuzHga60qjWYH6fNRUQZe14t9z61hi7pw9P3Sw8PQvkkL4ayJgn2'),
('María Susana', 'Sánchez', 'Palacios', '1980-01-01', 'Femenino', '5510000211', 'msanchezp@profesor.expoconfig.mx', '$2b$10$cAuzHga60qjWYH6fNRUQZe14t9z61hi7pw9P3Sw8PQvkkL4ayJgn2'),
('Perla Rebeca', 'Sánchez', 'Vargas', '1980-01-01', 'Femenino', '5510000212', 'psanchez@profesor.expoconfig.mx', '$2b$10$cAuzHga60qjWYH6fNRUQZe14t9z61hi7pw9P3Sw8PQvkkL4ayJgn2'),
('Raúl', 'Santillán', 'Luna', '1980-01-01', 'Masculino', '5510000213', 'rsantillan@profesor.expoconfig.mx', '$2b$10$cAuzHga60qjWYH6fNRUQZe14t9z61hi7pw9P3Sw8PQvkkL4ayJgn2'),
('Rafael Norman', 'Saucedo', 'Delgado', '1980-01-01', 'Masculino', '5510000214', 'rsaucedo@profesor.expoconfig.mx', '$2b$10$cAuzHga60qjWYH6fNRUQZe14t9z61hi7pw9P3Sw8PQvkkL4ayJgn2'),
('José Felix', 'Serrano', 'Talamantes', '1980-01-01', 'Masculino', '5510000215', 'jserrano@profesor.expoconfig.mx', '$2b$10$cAuzHga60qjWYH6fNRUQZe14t9z61hi7pw9P3Sw8PQvkkL4ayJgn2'),
('Victor Manuel', 'Silva', 'García', '1980-01-01', 'Masculino', '5510000216', 'vsilva@profesor.expoconfig.mx', '$2b$10$cAuzHga60qjWYH6fNRUQZe14t9z61hi7pw9P3Sw8PQvkkL4ayJgn2'),
('Jorge Javier', 'Silva', 'Martínez', '1980-01-01', 'Masculino', '5510000217', 'jsilva@profesor.expoconfig.mx', '$2b$10$cAuzHga60qjWYH6fNRUQZe14t9z61hi7pw9P3Sw8PQvkkL4ayJgn2'),
('Misael', 'Solorza', 'Guzmán', '1980-01-01', 'Masculino', '5510000218', 'msolorza@profesor.expoconfig.mx', '$2b$10$cAuzHga60qjWYH6fNRUQZe14t9z61hi7pw9P3Sw8PQvkkL4ayJgn2'),
('Fanny', 'Sosa', 'Adán', '1980-01-01', 'Femenino', '5510000219', 'fsosa@profesor.expoconfig.mx', '$2b$10$cAuzHga60qjWYH6fNRUQZe14t9z61hi7pw9P3Sw8PQvkkL4ayJgn2'),
('Manuel Alejandro', 'Soto', 'Ramos', '1980-01-01', 'Masculino', '5510000220', 'msoto@profesor.expoconfig.mx', '$2b$10$cAuzHga60qjWYH6fNRUQZe14t9z61hi7pw9P3Sw8PQvkkL4ayJgn2'),
('Miguel Santiago', 'Suárez', 'Castañón', '1980-01-01', 'Masculino', '5510000221', 'msuarez@profesor.expoconfig.mx', '$2b$10$cAuzHga60qjWYH6fNRUQZe14t9z61hi7pw9P3Sw8PQvkkL4ayJgn2'),
('Roberto', 'Tecla', 'Parra', '1980-01-01', 'Masculino', '5510000222', 'rtecla@profesor.expoconfig.mx', '$2b$10$cAuzHga60qjWYH6fNRUQZe14t9z61hi7pw9P3Sw8PQvkkL4ayJgn2'),
('Juan Carlos', 'Téllez', 'Barrera', '1980-01-01', 'Masculino', '5510000223', 'jtellez@profesor.expoconfig.mx', '$2b$10$cAuzHga60qjWYH6fNRUQZe14t9z61hi7pw9P3Sw8PQvkkL4ayJgn2'),
('Ma. Socorro', 'Téllez', 'Reyes', '1980-01-01', 'Femenino', '5510000224', 'mtellez@profesor.expoconfig.mx', '$2b$10$cAuzHga60qjWYH6fNRUQZe14t9z61hi7pw9P3Sw8PQvkkL4ayJgn2'),
('Marco Antonio', 'Tenorio', 'Marrón', '1980-01-01', 'Masculino', '5510000225', 'mtenorio@profesor.expoconfig.mx', '$2b$10$cAuzHga60qjWYH6fNRUQZe14t9z61hi7pw9P3Sw8PQvkkL4ayJgn2'),
('Alexis', 'Testa', 'Nava', '1980-01-01', 'Masculino', '5510000226', 'atesta@profesor.expoconfig.mx', '$2b$10$cAuzHga60qjWYH6fNRUQZe14t9z61hi7pw9P3Sw8PQvkkL4ayJgn2'),
('Judith Margarita', 'Tirado', 'Lule', '1980-01-01', 'Femenino', '5510000227', 'jtirado@profesor.expoconfig.mx', '$2b$10$cAuzHga60qjWYH6fNRUQZe14t9z61hi7pw9P3Sw8PQvkkL4ayJgn2'),
('Enrique', 'Torres', 'González', '1980-01-01', 'Masculino', '5510000228', 'etorres@profesor.expoconfig.mx', '$2b$10$cAuzHga60qjWYH6fNRUQZe14t9z61hi7pw9P3Sw8PQvkkL4ayJgn2'),
('Roberto', 'Vázquez', 'Arreguín', '1980-01-01', 'Masculino', '5510000229', 'rvazquez@profesor.expoconfig.mx', '$2b$10$cAuzHga60qjWYH6fNRUQZe14t9z61hi7pw9P3Sw8PQvkkL4ayJgn2'),
('Leonor', 'Vázquez', 'González', '1980-01-01', 'Femenino', '5510000230', 'lvazquez@profesor.expoconfig.mx', '$2b$10$cAuzHga60qjWYH6fNRUQZe14t9z61hi7pw9P3Sw8PQvkkL4ayJgn2'),
('Mijaíl', 'Vázquez', 'Ortiz', '1980-01-01', 'Masculino', '5510000231', 'mvazquez@profesor.expoconfig.mx', '$2b$10$cAuzHga60qjWYH6fNRUQZe14t9z61hi7pw9P3Sw8PQvkkL4ayJgn2'),
('Nayeli', 'Vega', 'García', '1980-01-01', 'Femenino', '5510000232', 'nvega@profesor.expoconfig.mx', '$2b$10$cAuzHga60qjWYH6fNRUQZe14t9z61hi7pw9P3Sw8PQvkkL4ayJgn2'),
('Ulises', 'Vélez', 'Saldaña', '1980-01-01', 'Masculino', '5510000233', 'uvelez@profesor.expoconfig.mx', '$2b$10$cAuzHga60qjWYH6fNRUQZe14t9z61hi7pw9P3Sw8PQvkkL4ayJgn2'),
('Gumersindo', 'Vera', 'Hernández', '1980-01-01', 'Masculino', '5510000234', 'gvera@profesor.expoconfig.mx', '$2b$10$cAuzHga60qjWYH6fNRUQZe14t9z61hi7pw9P3Sw8PQvkkL4ayJgn2'),
('Sonia', 'Villegas', 'Navarrete', '1980-01-01', 'Femenino', '5510000235', 'svillegas@profesor.expoconfig.mx', '$2b$10$cAuzHga60qjWYH6fNRUQZe14t9z61hi7pw9P3Sw8PQvkkL4ayJgn2'),
('Karina', 'Viveros', 'Vela', '1980-01-01', 'Femenino', '5510000236', 'kviveros@profesor.expoconfig.mx', '$2b$10$cAuzHga60qjWYH6fNRUQZe14t9z61hi7pw9P3Sw8PQvkkL4ayJgn2'),
('Ana María', 'Winfield', 'Reyes', '1980-01-01', 'Femenino', '5510000237', 'awinfield@profesor.expoconfig.mx', '$2b$10$cAuzHga60qjWYH6fNRUQZe14t9z61hi7pw9P3Sw8PQvkkL4ayJgn2'),
('Roberto Eswart', 'Zagal', 'Flores', '1980-01-01', 'Masculino', '5510000238', 'rzagal@profesor.expoconfig.mx', '$2b$10$cAuzHga60qjWYH6fNRUQZe14t9z61hi7pw9P3Sw8PQvkkL4ayJgn2'),
('Alejandro', 'Zárate', 'Cárdenas', '1980-01-01', 'Masculino', '5510000239', 'azarate@profesor.expoconfig.mx', '$2b$10$cAuzHga60qjWYH6fNRUQZe14t9z61hi7pw9P3Sw8PQvkkL4ayJgn2');

INSERT INTO Profesor (NoTrabajador)
VALUES
(5), (6), (7), (8), (9), (10), (11), (12), (13), (14), (15), (16), (17), (18), (19), (20), (21), (22), (23), (24), (25), (26), (27), (28), (29), (30), (31), (32), (33), (34), (35), (36), (37), (38), (39), (40), (41), (42), (43), (44), (45), (46), (47), (48), (49), (50), (51), (52), (53), (54),
(55), (56), (57), (58), (59), (60), (61), (62), (63), (64), (65), (66), (67), (68), (69), (70), (71), (72), (73), (74), (75), (76), (77), (78), (79), (80), (81), (82), (83), (84), (85), (86), (87), (88), (89), (90), (91), (92), (93), (94), (95), (96), (97), (98), (99), (100), (101), (102), (103), (104),
(105), (106), (107), (108), (109), (110), (111), (112), (113), (114), (115), (116), (117), (118), (119), (120), (121), (122), (123), (124), (125), (126), (127), (128), (129), (130), (131), (132), (133), (134), (135), (136), (137), (138), (139), (140), (141), (142), (143), (144), (145), (146), (147), (148), (149), (150), (151), (152), (153), (154),
(155), (156), (157), (158), (159), (160), (161), (162), (163), (164), (165), (166), (167), (168), (169), (170), (171), (172), (173), (174), (175), (176), (177), (178), (179), (180), (181), (182), (183), (184), (185), (186), (187), (188), (189), (190), (191), (192), (193), (194), (195), (196), (197), (198), (199), (200), (201), (202), (203), (204),
(205), (206), (207), (208), (209), (210), (211), (212), (213), (214), (215), (216), (217), (218), (219), (220), (221), (222), (223), (224), (225), (226), (227), (228), (229), (230), (231), (232), (233), (234), (235), (236), (237), (238), (239), (240), (241), (242), (243);


-- Estudiante
INSERT INTO Estudiante (NoBoleta, Nombre, ApPaterno, ApMaterno, Carrera)
VALUES 
('2023014589', 'Valeria Fernanda', 'Ramírez', 'Gómez', 'Inteligencia Artificial'),
('2023147852', 'Luis Ángel', 'Hernández', 'Sánchez', 'Ciencia de Datos'),
('2023258943', 'María José', 'Pérez', 'Rodríguez', 'Sistemas Computacionales'),
('2023098417', 'José Antonio', 'Martínez', 'Luna', 'Inteligencia Artificial'),
('2023670192', 'Ana Sofía', 'García', 'Hernández', 'Ciencia de Datos'),
('2023117095', 'Daniela Itzel', 'Flores', 'Vega', 'Sistemas Computacionales'),
('2023580274', 'Jorge Luis', 'Morales', 'Castillo', 'Inteligencia Artificial'),
('2023661297', 'Santiago', 'Ortega', 'Ruiz', 'Ciencia de Datos'),
('2023401956', 'Camila', 'Reyes', 'Mendoza', 'Sistemas Computacionales'),
('2023770235', 'Emiliano', 'Cruz', 'Domínguez', 'Inteligencia Artificial');

--Proyectos
INSERT INTO Proyecto (Nombre, UA, Grupo, Academia, Descripcion, Cartel)
VALUES 
('Sistema de Gestión Escolar', 'Ingenieria de Software', '3BM5', 'Computacion', 'Aplicación web para administrar datos escolares.', '/uploads/carteles/cartel_test.pdf'),
('Análisis de Series Temporales', 'Matemáticas Avanzadas', '5AV9', 'Basicas', 'Proyecto de análisis estadístico de datos históricos.', '/uploads/carteles/cartel_test.pdf'),
('App de Finanzas Personales', 'FEPI', '2CM3', 'Computacion', 'Aplicación móvil para control de gastos e ingresos.', '/uploads/carteles/cartel_test.pdf'),
('Detector de Fugas de Gas', 'MCTD', '6BV11', 'Electronica', 'Sistema IoT para detección temprana de fugas de gas.', '/uploads/carteles/cartel_test.pdf'),
('Sitio Web de Recetas Saludables', 'WEB', '1AM7', 'Computacion', 'Página interactiva con recetas personalizadas.', '/uploads/carteles/cartel_test.pdf'),
('Sistema de Riego Automatizado', 'MCTD', '4CV12', 'Electronica', 'Control automático de riego según humedad del suelo.', '/uploads/carteles/cartel_test.pdf'),
('Algoritmo de Reconocimiento Facial', 'Ingenieria de Software', '7BV4', 'Computacion', 'Software de seguridad con reconocimiento facial.', '/uploads/carteles/cartel_test.pdf'),
('Simulador de Redes Neuronales', 'Matemáticas Avanzadas', '8AM8', 'Basicas', 'Simulación visual de modelos neuronales simples.', '/uploads/carteles/cartel_test.pdf'),
('Sistema de Inventario', 'FEPI', '2CV2', 'Computacion', 'Gestión de inventarios con control por código QR.', '/uploads/carteles/cartel_test.pdf'),
('Controlador de Semáforos Inteligente', 'MCTD', '3BM14', 'Electronica', 'Sistema adaptativo para control de tráfico.', '/uploads/carteles/cartel_test.pdf'),
('Marketplace de Artesanías', 'WEB', '6AV10', 'Computacion', 'Tienda en línea para venta de productos artesanales.', '/uploads/carteles/cartel_test.pdf'),
('Asistente de Estudio con IA', 'Ingenieria de Software', '5CV6', 'Computacion', 'Aplicación con chatbot para ayuda académica.', '/uploads/carteles/cartel_test.pdf'),
('Simulador de Cálculo Numérico', 'Matemáticas Avanzadas', '1BV1', 'Basicas', 'Herramienta interactiva para resolver ecuaciones.', '/uploads/carteles/cartel_test.pdf'),
('Gestión de Consultas Médicas', 'FEPI', '4AM0', 'Computacion', 'Sistema web para control de pacientes y citas.', '/uploads/carteles/cartel_test.pdf'),
('Sensor de Movimiento Inteligente', 'MCTD', '7AV13', 'Electronica', 'Dispositivo que detecta movimiento y alerta.', '/uploads/carteles/cartel_test.pdf'),
('Plataforma de Blogs Personales', 'WEB', '8CM5', 'Computacion', 'Sitio donde usuarios pueden crear y compartir blogs.', '/uploads/carteles/cartel_test.pdf'),
('Gestión de Tareas Escolares', 'Ingenieria de Software', '3BV3', 'Computacion', 'Aplicación para asignar y entregar tareas escolares.', '/uploads/carteles/cartel_test.pdf'),
('Modelado de Datos Estadísticos', 'Matemáticas Avanzadas', '6AM6', 'Basicas', 'Análisis y visualización de datos numéricos.', '/uploads/carteles/cartel_test.pdf'),
('Automatización de Invernaderos', 'MCTD', '1CV13', 'Electronica', 'Control automático de clima y humedad.', '/uploads/carteles/cartel_test.pdf'),
('Portfolio Profesional Web', 'WEB', '2BV2', 'Computacion', 'Sitio web para mostrar portafolio profesional.', '/uploads/carteles/cartel_test.pdf');

--EsTutor <relacion>
INSERT INTO estutor (noproyecto, notrabajador)
VALUES 
  (1, 1), (2, 1), (3, 1), (4, 20), (5, 20),
  (6, 20), (7, 20), (8, 30), (9, 30), (10, 30),
  (11, 1), (12, 1), (13, 40), (14, 40), (15, 40),
  (16, 1), (17, 6), (18, 6), (19, 6), (20, 40);

--ParticipaEstudiante <relacion>
INSERT INTO ParticipaEstudiante (NoBoleta, NoProyecto)
VALUES 
('2023147852', 1), ('2023661297', 2), ('2023098417', 3), ('2023258943', 4), ('2023014589', 5),
('2023770235', 6), ('2023661297', 7), ('2023117095', 8), ('2023401956', 9), ('2023580274', 10),
('2023147852', 11), ('2023258943', 12), ('2023014589', 13), ('2023661297', 14), ('2023098417', 15),
('2023117095', 16), ('2023401956', 17), ('2023580274', 18), ('2023147852', 19), ('2023770235', 20),
('2023147852', 20), ('2023661297', 19), ('2023098417', 18), ('2023258943', 17), ('2023014589', 16),
('2023770235', 15), ('2023661297', 1), ('2023117095', 13), ('2023401956', 12), ('2023580274', 11),
('2023147852', 10), ('2023258943', 9), ('2023014589', 8), ('2023661297', 9), ('2023098417', 6),
('2023117095', 5), ('2023401956', 4), ('2023580274', 3), ('2023147852', 2), ('2023770235', 1);

INSERT INTO Asistente (NombreCompleto, Correo, Edad, Procedencia) VALUES
('Luis Hernández', 'lhernandez@example.com', 25, 'Escom'),
('María Torres', 'mtorres@example.com', 30, 'CECYT 3'),
('Carlos Ramírez', 'cramirez@example.com', 22, 'familiares'),
('Ana López', 'alopez@example.com', 28, 'Upiita'),
('Jorge Martínez', 'jmartinez@example.com', 35, 'amigos'),
('Laura Sánchez', 'lsanchez@example.com', 24, 'Escom'),
('Pedro Gómez', 'pgomez@example.com', 29, 'CECYT 3'),
('Sofía Díaz', 'sdiaz@example.com', 27, 'amigos'),
('Daniel Fernández', 'dfernandez@example.com', 31, 'familiares'),
('Valeria Cruz', 'vcruz@example.com', 26, 'Upiita');
